1,生まれて　しばらくの　あいだ　背中の　タネに　詰まった　栄養を　取って　育つ。　（『ポケットモンスター スカーレット』より）
1,生まれたときから　背中に　タネを　背負っている。　体が　大きく　育つごとに　タネも　大きくなる。　（『ポケットモンスター バイオレット』より）
2,太陽の　光を　浴びるほど　体に　力が　わいて　背中の　つぼみが　育っていく。　（『ポケットモンスター スカーレット』より）
2,背中の　つぼみは　養分を　吸収して　ふくらむ。　花の咲くころ　いい匂いが　する。　（『ポケットモンスター バイオレット』より）
3,浴びた　太陽の　光を　エネルギーに　変換できるので　夏の　ほうが　強くなる。　（『ポケットモンスター スカーレット』より）
3,大きな　花びらを　広げ　太陽の　光を　浴びていると　体に　元気が　みなぎっていく。　（『ポケットモンスター バイオレット』より）
4,尻尾で　燃える　炎は　生命力の　表れ。　元気がないと　炎は　弱まる。　（『ポケットモンスター スカーレット』より）
4,尻尾の　先の　炎は　元気なら　少しくらい　濡れても　消えることなく　燃え盛る。　（『ポケットモンスター バイオレット』より）
5,燃える　尻尾を　振りまわすと　まわりの　温度が　どんどん　上がって　相手を　苦しめる。　（『ポケットモンスター スカーレット』より）
5,燃えたぎるような　性格で　いつも　戦う　相手を　探している。　勝たないと　血が　静まらない。　（『ポケットモンスター バイオレット』より）
6,本気で　怒った　リザードンの　尻尾の　先の　炎は　青白く　燃え上がる。　（『ポケットモンスター スカーレット』より）
6,翼で　大空高く　舞う。　戦いの　経験を　積むほど　炎の　温度は　上がっていく。　（『ポケットモンスター バイオレット』より）
7,生まれたあと　背中が　ふくらんで　硬い　甲羅が　できる。　口から　強力な　泡を　出す。　（『ポケットモンスター スカーレット』より）
7,生まれたては　柔らかい　甲羅も　すぐに　指でつつくと　弾くほどの　弾力性を　持つようになる。　（『ポケットモンスター バイオレット』より）
8,長くて　ふさふさの　尻尾は　長生きの　シンボル。　とくに　お年寄りに　人気がある。　（『ポケットモンスター スカーレット』より）
8,しばしば　水中に　隠れ　獲物を　狙う。　高速で　泳ぐとき　耳で　バランスをとる。　（『ポケットモンスター バイオレット』より）
9,噴射した　水の　勢いに　負けないように　わざと　体重を　重くしているのだ。　（『ポケットモンスター スカーレット』より）
9,甲羅に　噴射口が　あって　ロケットのような　勢いで　突っこんでくる　すごい　やつだ。　（『ポケットモンスター バイオレット』より）
10,あかい　しょっかくから　においを　だして　てきを　おいはらう。　だっぴを　くりかえし　おおきくなる。　（『ポケットモンスター ブリリアントダイヤモンド・シャイニングパール』より）
11,こうてつのように　かたい　カラで　やわらかい　なかみを　まもっている。　しんかするまで　じっと　たえている。　（『ポケットモンスター ブリリアントダイヤモンド・シャイニングパール』より）
12,はなの　ミツが　だいこうぶつ。　わずかな　かふんで　はなばたけの　ばしょを　さがしだすことが　できる。　（『ポケットモンスター ブリリアントダイヤモンド・シャイニングパール』より）
13,まいにち　じぶんと　おなじ　おもさの　はっぱを　たべる。　あたまの　ハリで　おそってきた　てきを　げきたい。　（『ポケットモンスター ブリリアントダイヤモンド・シャイニングパール』より）
14,てんてきに　みつからないように　はっぱの　うらや　えだの　すきまに　かくれて　しんかの　ときを　まつ。　（『ポケットモンスター ブリリアントダイヤモンド・シャイニングパール』より）
15,こうそくで　とびまわり　どくバリで　こうげきしたあと　すぐに　とびさる　せんぽうが　とくいわざだ。　（『ポケットモンスター ブリリアントダイヤモンド・シャイニングパール』より）
16,たたかいを　このまない　おとなしい　せいかくだが　へたに　てを　だすと　きょうれつに　はんげきされるぞ。　（『ポケットモンスター ブリリアントダイヤモンド・シャイニングパール』より）
17,ひろい　なわばりを　とびまわりながら　えものを　さがす。　はったつした　あしの　ツメで　えものを　しとめる。　（『ポケットモンスター ブリリアントダイヤモンド・シャイニングパール』より）
18,ピジョットが　ちからいっぱい　はばたくと　たいぼくも　しなるほどの　きょうふうを　まきおこす。　（『ポケットモンスター ブリリアントダイヤモンド・シャイニングパール』より）
19,どんな　ばしょにも　すみついて　いきていける　せいめいりょく。　けいかいしんが　とても　つよい。　（『ポケットモンスター ブリリアントダイヤモンド・シャイニングパール』より）
20,のびつづける　まえばを　けずるため　かたい　ものを　かじる　しゅうせい。　ブロックべいも　かじって　こわす。　（『ポケットモンスター ブリリアントダイヤモンド・シャイニングパール』より）
21,ちいさな　つばさを　いそがしく　はばたかせて　とぶ。　くさむらにいる　えものを　くちばしで　さがしだす。　（『ポケットモンスター ブリリアントダイヤモンド・シャイニングパール』より）
22,おおきな　つばさで　１にちじゅう　とびまわる　たいりょくの　もちぬし。　するどい　くちばしで　たたかう。　（『ポケットモンスター ブリリアントダイヤモンド・シャイニングパール』より）
23,自由に　あごを　外せるので　大きな　獲物でも　飲みこめるが　重くなって　動けなくなる。　（『ポケットモンスター スカーレット』より）
23,草地などに　多く　生息する。　舌を　チロチロ　させて　まわりの　危険を　感じとる。　（『ポケットモンスター バイオレット』より）
24,お腹の　模様が　怖い顔に　見える。　弱い敵は　その模様を　見ただけで　逃げだしてしまう。　（『ポケットモンスター スカーレット』より）
24,とても　執念深い　性格。　一度　ターゲットに　決めた　獲物は　どこまでも　追い続ける。　（『ポケットモンスター バイオレット』より）
25,両頬には　電気を　溜めこむ　袋がある。　怒ると　溜めこんだ　電気を　一気に　放ってくる。　（『ポケットモンスター スカーレット』より）
25,何匹かが　集まっていると　そこに　猛烈な　電気が　溜まり　稲妻が　落ちることがあるという。　（『ポケットモンスター バイオレット』より）
25,頬に　電気を溜めし　袋を　有す。　森林を　棲み処とし　硬き　木の実は　電撃で　焼き　食べる　知恵者なり。　（『Pok&eacute;mon LEGENDS アルセウス』より）
26,尻尾が　アースの　役目をはたして　電気を　地面に　逃がすので　自分自身は　しびれたりしない。　（『ポケットモンスター スカーレット』より）
26,頬の　電気袋に　溜まった　電気が　最大量になると　両耳は　まっすぐ　伸びる。　（『ポケットモンスター バイオレット』より）
26,放つ　電撃は　１０万ボルトを　凌ぎ　我が故郷に　棲む　ダイオウドウをも　一撃で　気絶する　威力なり。　（『Pok&eacute;mon LEGENDS アルセウス』より）
27,深い穴を　掘って　生活。　危険が　迫ると　体を　丸め　敵の　攻撃を　じっと　耐える。　（『ポケットモンスター スカーレット』より）
27,どんなに　高い　ところから　落ちても　体を　丸めれば　バウンドできて　助かるのだ。　（『ポケットモンスター バイオレット』より）
28,すばしっこく　走りまわり　背中の針と　鋭いツメでの　攻撃が　得意。　（『ポケットモンスター スカーレット』より）
28,トゲは　皮膚が　硬くなったもの。　体を　丸めて　トゲトゲを　刺すように　相手を　攻撃する。　（『ポケットモンスター バイオレット』より）
29,たたかいを　このまない　せいかく。　どくバリから　ぶんぴつされる　どくは　ひとしずくでも　いのちとりだ。　（『ポケットモンスター ブリリアントダイヤモンド・シャイニングパール』より）
30,きけんを　かんじると　ぜんしんの　トゲを　さかだてる。　ニドリーノに　くらべて　トゲの　そだちが　おそい。　（『ポケットモンスター ブリリアントダイヤモンド・シャイニングパール』より）
31,よろいのように　かたい　ウロコが　ぜんしんを　つつむ。　すあなの　こどもを　いのちがけで　まもる。　（『ポケットモンスター ブリリアントダイヤモンド・シャイニングパール』より）
32,くさむらの　うえに　みみだけ　だして　まわりの　けはいを　さぐる。　もうどくの　ツノで　みを　まもる。　（『ポケットモンスター ブリリアントダイヤモンド・シャイニングパール』より）
33,きしょうが　あらい　ポケモン。　あいてに　つきさした　しょうげきで　ツノから　もうどくが　にじみでる。　（『ポケットモンスター ブリリアントダイヤモンド・シャイニングパール』より）
34,しっぽの　いちげきは　でんちゅうを　まるで　マッチぼうのように　まっぷたつに　へしおってしまう。　（『ポケットモンスター ブリリアントダイヤモンド・シャイニングパール』より）
35,満月の　夜　どこから　ともなく　集まり　ピッピたちは　踊りだす。　月の光を　浴びて　浮かぶのだ。　（『ポケットモンスター スカーレット』より）
35,満月の　晩に　集まって　仲間と　ダンス。　その周囲は　異常な　磁場に　包まれる。　（『ポケットモンスター バイオレット』より）
35,満月の夜　静かなる　山間にて　遭遇。　小さき翼　ほのかに光り　舞う姿は　まさに　妖精の如き　愛くるしさなり。　（『Pok&eacute;mon LEGENDS アルセウス』より）
36,姿を　見られることを　好まない　妖精の　仲間。　静かな　山奥に棲む　という。　（『ポケットモンスター スカーレット』より）
36,耳が　良くて　１キロ　離れた　ところで　落とした　針の音を　見事に　聞き分けられる。　（『ポケットモンスター バイオレット』より）
36,静寂たる　月夜に　耳を澄まし　月に　棲む　仲間の声を　聴くと　伝承あり。　遠き故郷を想う　我が姿を　重ね見る。　（『Pok&eacute;mon LEGENDS アルセウス』より）
37,自分より　強い　相手に　襲われると　キズついた　ふりをして　惑わせ　その隙に　逃げてしまう。　（『ポケットモンスター スカーレット』より）
37,温かい　６本の　尻尾は　体が　育つごとに　毛並みが　良くなり　美しく　なっていく。　（『ポケットモンスター バイオレット』より）
38,９本の　尻尾には　それぞれ　違う　神秘的な　力が　秘められている　という　話だ。　（『ポケットモンスター スカーレット』より）
38,黄金に　輝く　体毛と　９本の　長い　尻尾を　持つ。　１０００年は　生きると　言われる。　（『ポケットモンスター バイオレット』より）
39,つぶらな　瞳が　揺れるとき　眠たくなるような　不思議で　気持ちのいい　歌を　歌う。　（『ポケットモンスター スカーレット』より）
39,大きく　体を　ふくらませてから　歌う　子守歌は　いつもより　長くて　ぜったいに　眠くなる。　（『ポケットモンスター バイオレット』より）
40,キメ細やかな　毛皮の　持ち主。　怒らせると　どんどん　ふくらみ　のしかかってくるので　注意。　（『ポケットモンスター スカーレット』より）
40,ふわふわの　体毛に　触ると　手触りが　とても　良いので　離れられなくなってしまう。　（『ポケットモンスター バイオレット』より）
41,くちから　だす　ちょうおんぱで　りょうめが　なくても　まわりの　しょうがいぶつを　さっちできる。　（『ポケットモンスター ブリリアントダイヤモンド』より）
41,たいようの　ひかりが　にがて。　ひが　しずむまで　どうくつや　もりの　おくふかくで　ねむる。　（『ポケットモンスター シャイニングパール』より）
41,仄暗き　洞穴を　寝床とする。　両眼は　退化し　光　失うも　口から　放つ　音波にて　周囲を　探りて　飛翔す。　（『Pok&eacute;mon LEGENDS アルセウス』より）
42,ひとや　ポケモンの　けつえきが　だいこうぶつ。　くびすじの　けっかんを　ねらい　よぞらを　とびまわる。　（『ポケットモンスター ブリリアントダイヤモンド』より）
42,ひとたび　ちを　すいはじめると　まんぷくに　なるまで　やめない。　くらやみを　とび　えものを　さがす。　（『ポケットモンスター シャイニングパール』より）
42,鋭利なる牙　突き立て　生き物の血を　啜る。　牙のつくり　検分するに　内に　空洞ありて　ストローの様なり。　（『Pok&eacute;mon LEGENDS アルセウス』より）
43,別名　アルキメンデス。　夜になると　２本の　根っこで　３００メートルも　歩くという。　（『ポケットモンスター スカーレット』より）
43,月の光を　浴びて　目覚めると　あちこち　動きまわる。　昼間は　地面の中で　じっとしている。　（『ポケットモンスター バイオレット』より）
44,少しずつ　染みだしてくるのは　よだれではない。　蜜のような汁で　獲物を　おびき寄せているのだ。　（『ポケットモンスター スカーレット』より）
44,ねばねばした　よだれのような　蜜。　とても　甘いのだが　においが　異常に　臭くて　近寄れない。　（『ポケットモンスター バイオレット』より）
45,ボンッという　音がして　つぼみが　開くと　アレルギーを　起こす　毒花粉を　ばら撒きはじめる。　（『ポケットモンスター スカーレット』より）
45,世界一　大きい　花びらから　アレルギーを　起こす　花粉を　鬼のように　ばら撒く。　（『ポケットモンスター バイオレット』より）
46,とうちゅうかそうと　よばれる　キノコを　せなかに　はやしている。　パラスと　ともに　おおきく　そだつ。　（『ポケットモンスター ブリリアントダイヤモンド・シャイニングパール』より）
46,多湿なる　森の　木の根本で　散見す。　背の茸は　冬虫夏草なり。　幼体には　これ　無く　育つにつれ　生え出づる。　（『Pok&eacute;mon LEGENDS アルセウス』より）
47,からだよりも　おおきな　キノコが　パラセクトを　あやつっている。　どくの　ほうしを　ばらまく。　（『ポケットモンスター ブリリアントダイヤモンド』より）
47,ムシの　からだより　おおきくなった　キノコの　いしで　かつどうする。　しめった　ばしょを　このむという。　（『ポケットモンスター シャイニングパール』より）
47,森にて　背の茸が　外れ　動かぬ　個体あり。　大きな茸こそ本体　との　学説を　証明する　サンプルなり。　（『Pok&eacute;mon LEGENDS アルセウス』より）
48,全身から　毒が　にじみでる。　暗くなると　灯りに　群がった　小さな　虫ポケモンを　捕らえる。　（『ポケットモンスター スカーレット』より）
48,暗闇でも　目が　レーダーの　役割をして　活動できる。　目から　ビームを　発射する。　（『ポケットモンスター バイオレット』より）
49,翅に　りんぷんが　ついていて　ヒラヒラと　羽ばたくたびに　猛毒の粉を　ばらまく。　（『ポケットモンスター スカーレット』より）
49,攻撃するときは　激しく　大きな　翅を　羽ばたかせ　毒の粉を　振りまく。　（『ポケットモンスター バイオレット』より）
50,地下１メートルくらいを　掘りすすみ　木の根っこなどを　かじって　生きる。　たまに　地上に　顔を出す。　（『ポケットモンスター スカーレット』より）
50,皮膚が　とても　薄いので　光に　照らされると　血液が　温められて　弱ってしまう。　（『ポケットモンスター バイオレット』より）
51,３つの　頭が　互い違いに　動くのは　まわりの　土を　柔らかくして　掘りやすくするため。　（『ポケットモンスター スカーレット』より）
51,地中を　掘りすすんで　相手が　油断しているところを　別の　場所から　攻撃する。　（『ポケットモンスター バイオレット』より）
52,昼間は　寝てばかりいる。　夜になると　目が　輝き　縄張りを　歩きまわる。　（『ポケットモンスター スカーレット』より）
52,眩しく　光るものが　大好き。　光るものを　見つけたとき　なぜか　額の小判も　輝く。　（『ポケットモンスター バイオレット』より）
53,毛並みが　美しく　ペットにしたがる　人も　多いが　すぐ　ひっかいたり　するので　手強いぞ。　（『ポケットモンスター スカーレット』より）
53,気性が　激しく　尻尾を　まっすぐ　立てたら　要注意。　とびかかって　噛みつく　前触れだ。　（『ポケットモンスター バイオレット』より）
54,いつも　頭痛に　悩まされている。　この　頭痛が　激しくなると　不思議な　力を　使いはじめる。　（『ポケットモンスター スカーレット』より）
54,いつもの　頭痛が　激しくなると　不思議な　力を　発揮するが　そのときの　記憶は　ないらしい。　（『ポケットモンスター バイオレット』より）
54,常より　頭痛に　悩む。　強まりしとき　秘めたる力　意に反し　暴発するゆえ　痛み　和らげる術を　模索中なり。　（『Pok&eacute;mon LEGENDS アルセウス』より）
55,水かきのついた　長い　手足を　使い　全力で　泳ぎだすと　なぜか　額が　光り輝く。　（『ポケットモンスター スカーレット』より）
55,流れの　静かな　川や　湖を　好んでいる。　泳ぐ　姿は　とても　優雅。　（『ポケットモンスター バイオレット』より）
55,肉体　頑健なりて　両手足に　水掻き　有す。　荒れすさぶ海を　物ともせず　高波を　掻き分け　悠々と　泳ぎたり。　（『Pok&eacute;mon LEGENDS アルセウス』より）
56,木の上で　群れをつくって　暮らす。　群れから　はぐれた　マンキーは　寂しくて　すぐに　怒りだす。　（『ポケットモンスター スカーレット』より）
56,普段は　機嫌が　良くても　ちょっとしたことで　いきなり　暴れだすから　怖いのだ。　（『ポケットモンスター バイオレット』より）
57,だれかの　視線を　感じただけで　猛烈に　怒りだす。　そして　目が合った　ものを　追いかけるのだ。　（『ポケットモンスター スカーレット』より）
57,ある研究者の　学説では　モンスターボールの　中でも　オコリザルは　怒っているらしい。　（『ポケットモンスター バイオレット』より）
58,自分より　強くて　大きな　相手にも　恐れずに　立ち向かう　勇敢で　頼もしい　性格。　（『ポケットモンスター スカーレット』より）
58,人懐こく　誠実な　性格。　敵には　ほえて　かみつき　追い払おうとする。　（『ポケットモンスター バイオレット』より）
59,草原を　駆け抜ける　様子は　人々の　心を　虜にしたと　昔の　絵巻に　記されていた。　（『ポケットモンスター スカーレット』より）
59,堂々とした　鳴き声は　威厳に　あふれ　聞いたものは　思わず　ひれ伏してしまう。　（『ポケットモンスター バイオレット』より）
60,お腹の　渦巻きは　皮膚が　透けて　見えた　内臓の　一部。　エサを食べたあと　くっきり　見える。　（『ポケットモンスター スカーレット』より）
60,まだ　脚が　生えた　ばかりで　うまく　歩けない。　水の中を　泳いでる　ほうが　好きなようだ。　（『ポケットモンスター バイオレット』より）
61,２本の　脚は　発達しており　地上で　暮らせるのに　なぜか　水中生活が　好き。　（『ポケットモンスター スカーレット』より）
61,全身の　皮膚は　湿っているが　お腹の　渦巻きの　部分の　感触は　すべすべとしている。　（『ポケットモンスター バイオレット』より）
62,筋肉を　すべて　使った　ダイナミックな　泳ぎが　得意だが　なぜか　地上で　生活する。　（『ポケットモンスター スカーレット』より）
62,発達した　手足を　使って　ほんの　一瞬だけなら　水の上を　走ることができる。　（『ポケットモンスター バイオレット』より）
63,まいにち　１８じかん　ねむる。　めざめている　ときも　すわったまま　テレポートで　いどうする。　（『ポケットモンスター ブリリアントダイヤモンド』より）
63,ねむっている　あいだも　テレパシーの　レーダーを　はりめぐらしている。　ピンチになると　テレポートする。　（『ポケットモンスター シャイニングパール』より）
63,日に１８時間を　睡眠に　費やす。　睡眠時も　エスパーパワーを　操りて　危険　迫ると　瞬間移動で　回避す。　（『Pok&eacute;mon LEGENDS アルセウス』より）
64,ユンゲラーが　そばにいると　テレビに　ふしぎな　かげが　うつる。　それを　みると　ふこうになると　いわれる。　（『ポケットモンスター ブリリアントダイヤモンド』より）
64,ちょうのうりょくを　はっきすると　つよい　アルファはを　だして　せいみつきかいを　こわしてしまう。　（『ポケットモンスター シャイニングパール』より）
64,神通力　有す　童が　変容した姿と　噂あるも　真偽不明。　手に持つ　匙は　脳波を高める　効能ありと　推察す。　（『Pok&eacute;mon LEGENDS アルセウス』より）
65,うまれてから　たいけんした　すべてを　おぼえているほどの　きおくりょく。　ちのうしすうは　５０００を　こえる。　（『ポケットモンスター ブリリアントダイヤモンド』より）
65,スーパーコンピュータなみの　ずのう。　はったつした　ずのうは　あらゆる　ちょうのうりょくを　つかいこなす。　（『ポケットモンスター シャイニングパール』より）
65,長寿ほど　頭部の寸法　大きく　重い。　エスパーパワーは　頭部の重量　比例し　強まること　測定にて　判明す。　（『Pok&eacute;mon LEGENDS アルセウス』より）
66,ゴローンを　なんども　あげおろしして　ぜんしんの　きんにくを　きたえる。　あらゆる　かくとうぎを　つかう。　（『ポケットモンスター ブリリアントダイヤモンド』より）
66,どんなに　きたえても　きんにくつうに　ならない　ボディを　もつ　ポケモン。　ひとざと　はなれた　やまで　くらす。　（『ポケットモンスター シャイニングパール』より）
66,童の如き　短身なれど　偉丈夫を　軽々　投げ飛ばす　力自慢。　更なる　高みを　目指し　ゴローンを　担ぎて　鍛錬す。　（『Pok&eacute;mon LEGENDS アルセウス』より）
67,ゴーリキーの　そこしれない　パワーは　とても　きけんなので　ちからを　せいぎょする　ベルトを　まいている。　（『ポケットモンスター ブリリアントダイヤモンド』より）
67,かたてで　ダンプカーを　もちあげる　パワーを　いかして　ひとの　かわりに　ちからしごとを　てつだう　ポケモン。　（『ポケットモンスター シャイニングパール』より）
67,強靭な　肉体と　持久力　兼ね備えし　剛の者。　鍛錬を　何より　好み　開墾　普請など　進んで　手伝う。　（『Pok&eacute;mon LEGENDS アルセウス』より）
68,４ほんの　うでを　めにもとまらぬ　はやさで　うごかし　２びょうかんに　１０００ぱつの　パンチを　くりだす。　（『ポケットモンスター ブリリアントダイヤモンド』より）
68,いちげきで　でんしゃを　ふっとばす　パンチを　くりだすが　ゆびさきを　つかう　しごとは　とても　にがて。　（『ポケットモンスター シャイニングパール』より）
68,４本の腕　近接戦において　死角無し。　瞬く間に　１０００発以上の　拳を　繰り出し　敵を　圧倒する　豪傑なり。　（『Pok&eacute;mon LEGENDS アルセウス』より）
69,まわりで　動くものが　あると　どんなときでも　すぐに　反応して　細い　ツルを　伸ばしてくる。　（『ポケットモンスター スカーレット』より）
69,脚を　地面　深くまで　伸ばして　水分を　補給する。　そのとき　襲われると　逃げだせない。　（『ポケットモンスター バイオレット』より）
70,溶解液の　効き目を　なくす　液体も　分泌しているので　自分は　溶けたりしないのだ。　（『ポケットモンスター スカーレット』より）
70,葉っぱの　部分は　カッターになって　相手を　切り裂く。　口からは　なんでも　溶かす　液体を　吐く。　（『ポケットモンスター バイオレット』より）
71,蜜のような　香りで　口の　中に　誘いこまれたら　最期。　溶解液で　溶かされてしまう。　（『ポケットモンスター スカーレット』より）
71,たくさんの　エサを　溶かした　溶解液は　甘さが　増して　もっと　エサを　集めやすくなる。　（『ポケットモンスター バイオレット』より）
72,潮が　引くと　砂浜に　残されて　干からびた　メノクラゲを　見ることが　できる。　（『ポケットモンスター スカーレット』より）
72,水晶のように　透き通った　目玉から　不思議な　光の　ビームを　発射する。　（『ポケットモンスター バイオレット』より）
72,ガラスの如き　紅赤の目玉より　光線を　放つ。　浅海を　たゆたうが　干潮の折　浜端にて　干乾びしこと　あり。　（『Pok&eacute;mon LEGENDS アルセウス』より）
73,まれに　大量発生すると　あたりの　海から　魚ポケモンが　一切　いなくなってしまう。　（『ポケットモンスター スカーレット』より）
73,戦いのとき　８０本の　触手を　すべて　伸ばして　毒の　包囲網を　作り上げる。　（『ポケットモンスター バイオレット』より）
73,触手の数　８０本。　その先　毒ありて　獲物を　捕らえんとする折に　常よりも　伸ばすゆえ　注意されたし。　（『Pok&eacute;mon LEGENDS アルセウス』より）
74,ジッとしていると　石ころ　にしか　見えないので　つい　踏みつけると　ゲンコツを　振りまわして　怒る。　（『ポケットモンスター スカーレット』より）
74,多くの人は　気づかないだけ。　あたりを　よく　見てみれば　イシツブテは　たくさん　いる。　（『ポケットモンスター バイオレット』より）
74,山岳地帯に棲み　両腕にて　険しき　山道　登る。　不用意に　足蹴にすれば　怒り　追い立てられるゆえ　厄介なり。　（『Pok&eacute;mon LEGENDS アルセウス』より）
75,歩いても　遅いので　転がって　移動。　途中に　なにがあっても　気にしない。　（『ポケットモンスター スカーレット』より）
75,苔まみれの　岩が　大好物。　ボリボリと　音を　たてながら　１日　１トン以上を　食べる。　（『ポケットモンスター バイオレット』より）
75,険しき　岩壁の横穴を　棲み処とす。　落石が如く　転がり落ちるを　好むゆえ　山道では　頭上に　気を配るべし。　（『Pok&eacute;mon LEGENDS アルセウス』より）
76,岩盤のような　硬い　殻で　覆われている。　１年に　１回　脱皮して　大きくなる。　（『ポケットモンスター スカーレット』より）
76,わざと　体を　爆発させ　その　勢いを　利用して　山から　山へと　飛んでいく。　（『ポケットモンスター バイオレット』より）
76,岩盤の如き殻を　年に１度　脱皮す。　脱ぎし　岩殻は　土塊へと還り　これを　畑に撒けば　作物の発育　促進す。　（『Pok&eacute;mon LEGENDS アルセウス』より）
77,うまれてから　１じかんも　すると　ほのおの　たてがみや　しっぽが　はえそろい　りっぱな　すがたになる。　（『ポケットモンスター ブリリアントダイヤモンド』より）
77,おやの　あとを　おいかけるうちに　きょうじんな　あしこしに　なる。　１にちじゅう　のやまを　かけまわる。　（『ポケットモンスター シャイニングパール』より）
77,草原にて　群れを成し　暮らす。　産まれたての仔に　炎のたてがみは　無く　１時間ほどで　生えそろう。　（『Pok&eacute;mon LEGENDS アルセウス』より）
78,はしる　そくどは　じそく２４０キロ。　たてがみの　ほのおが　はげしく　もえ　やの　ように　かけぬける。　（『ポケットモンスター ブリリアントダイヤモンド』より）
78,はしりはじめると　たったの　１０ぽで　さいこうそくどに　たっするほど　きょうれつな　かそくりょくを　もつ。　（『ポケットモンスター シャイニングパール』より）
78,炎のたてがみ　煌めかせ　駆ける様は　矢の如し。　広大なる　ヒスイの地を　１日半で　横断せし　驚異の駿馬なり。　（『Pok&eacute;mon LEGENDS アルセウス』より）
79,動きが　のろく　間抜け。　叩かれても　５秒　たってから　痛さを　感じるほどだ。　（『ポケットモンスター スカーレット』より）
79,いつも　ボーッとしていて　なにを　考えているか　わからない。　尻尾で　エサを　釣るのが　得意。　（『ポケットモンスター バイオレット』より）
80,ヤドンが　海へ　エサを　取りにいったとき　シェルダーに　尻尾を　かまれ　ヤドランになった。　（『ポケットモンスター スカーレット』より）
80,激しい　戦いで　尻尾に　噛みついた　シェルダーが　外れると　もとの　ヤドンに　戻ってしまう。　（『ポケットモンスター バイオレット』より）
81,左右にある　ユニットから　だす　電磁波で　重力を　さえぎって　空に　浮かぶのだ。　（『ポケットモンスター スカーレット』より）
81,空中に　浮いたまま　移動して　左右の　ユニットから　電磁波などを　放射する。　（『ポケットモンスター バイオレット』より）
81,鉄球に　一つ目ありし　奇天烈な姿。　馬蹄形の　磁石が如き　腕から　発する　磁力により　浮遊すると　推察す。　（『Pok&eacute;mon LEGENDS アルセウス』より）
82,３つのコイルは　強い　磁力で　結びついている。　そばに寄ると　強い　耳鳴りに　襲われる。　（『ポケットモンスター スカーレット』より）
82,連結した　タイプの　コイルは　太陽の　黒点が　多いとき　たくさん　現れると　言われる。　（『ポケットモンスター バイオレット』より）
82,３匹のコイルが　集まりて　進化した　姿なり。　強き磁力を　放つゆえ　研究機器を　破壊され　厄介なり。　（『Pok&eacute;mon LEGENDS アルセウス』より）
83,クキが　なくなると　いきていけない。　だから　クキを　ねらう　あいてとは　いのちがけで　たたかうのだ。　（『ポケットモンスター ブリリアントダイヤモンド・シャイニングパール』より）
84,まったく　同じ　遺伝子を　持つ　ふたごの　頭が　息ぴったりの　コンビネーションで　戦う。　（『ポケットモンスター スカーレット』より）
84,頭は　同時に　眠らない。　約１時間ごとに　代わるがわる　起きて　見張り役を　交代する。　（『ポケットモンスター バイオレット』より）
85,肺と　心臓が　３つに　増えた。　ドードーよりも　足は　遅いが　長時間　走り続けられるぞ。　（『ポケットモンスター スカーレット』より）
85,いちばん　首が　太く　力の　強い　頭が　リーダーとして　体の　主導権を　握る。　（『ポケットモンスター バイオレット』より）
86,頭に　でっぱりが　あって　非常に　硬い。　頭突きで　氷山を　割って　進む。　（『ポケットモンスター スカーレット』より）
86,寒くなるほど　元気になって　氷の　浮かぶ　冷たい　海を　うれしそうに　泳ぎまわる。　（『ポケットモンスター バイオレット』より）
87,水の　温度が　下がる　夜　食べものを　求め　泳ぎまわる。　昼間は　浅い　海底で　寝る。　（『ポケットモンスター スカーレット』より）
87,寒さに　勝つため　体の中に　熱エネルギーを　蓄える。　寒い　海も　８ノットで　進む。　（『ポケットモンスター バイオレット』より）
88,ヘドロが　ポケモンになった。　汚い　場所に　集まって　体の　ばい菌を　増やしていく。　（『ポケットモンスター スカーレット』より）
88,ベトベター同士が　くっつくと　おたがいの　体が　混ざりあって　新しい　毒が　生みだされる。　（『ポケットモンスター バイオレット』より）
89,汚い　ヘドロが　全身に　まとわりつく。　足跡に　触っただけで　毒に　侵される。　（『ポケットモンスター スカーレット』より）
89,とっても　くさい！　体の　成分は　猛毒で　ベトベトンが　通ると　どんな　草木も　枯れる。　（『ポケットモンスター バイオレット』より）
90,ダイヤモンドよりも　硬い殻に　覆われている。　しかし　中は　意外と　柔らかい。　（『ポケットモンスター スカーレット』より）
90,殻で　挟みこむのは　やわらかい　中身を　さらけ出すので　一か八かの　手段なのだ。　（『ポケットモンスター バイオレット』より）
91,潮の　流れが　激しい　海に　生息している　パルシェンの　殻の　トゲは　大きく　鋭い。　（『ポケットモンスター スカーレット』より）
91,攻撃を　受けると　表面の　トゲが　つぎつぎと　飛んでくる。　内部の　正体は　不明。　（『ポケットモンスター バイオレット』より）
92,ガス状の　体で　まとわりつき　獲物の　皮膚から　少しずつ　毒を　送り込んで　弱らせる。　（『ポケットモンスター スカーレット』より）
92,ガスでできた　薄い　体は　どんな　大きさの　相手も　包みこみ　息の根を　止める。　（『ポケットモンスター バイオレット』より）
92,ガス状の生命体ゆえ　掴みどころなし。　体の一部を　吸い込めば　たちまち　気絶する　毒性ゆえ　極めて危険。　（『Pok&eacute;mon LEGENDS アルセウス』より）
93,暗闇にまぎれ　ガスの手を　伸ばし　人の肩を　叩くのが　好き。　触られると　震えが　止まらない。　（『ポケットモンスター スカーレット』より）
93,本当に　なにも　見えない　暗闇で　ゴーストは　静かに　獲物を　狙っているのだ。　（『ポケットモンスター バイオレット』より）
93,壁をすり抜け　何処にでも　姿　現す　恐ろしき悪霊。　舌で　舐められし者　日に日に　衰弱し　死に至るとの噂。　（『Pok&eacute;mon LEGENDS アルセウス』より）
94,命を　奪おうと　決めた　獲物の　影に　潜り込み　じっと　チャンスを　狙ってる。　（『ポケットモンスター スカーレット』より）
94,夜中　人の　影に　潜り込み　少しずつ　体温を　奪う。　狙われると　寒気が　止まらない。　（『ポケットモンスター バイオレット』より）
94,影に憑きて　命　狙いし　ポケモン。　己が影　ひとりでに　笑いしときは　一刻も早く　清めの札　握るべし。　（『Pok&eacute;mon LEGENDS アルセウス』より）
95,イワークが　ちちゅうを　ほりすすむと　じなりが　きこえ　じめんが　ゆれる。　いどうそくどは　じそく８０キロ。　（『ポケットモンスター ブリリアントダイヤモンド』より）
95,がんじょうな　ながい　からだを　よじらせながら　ちちゅうを　すすむ。　ほりながら　エサを　たべつづける。　（『ポケットモンスター シャイニングパール』より）
95,大岩　連なり　大蛇の如き風貌なり。　地響き　立て　地中深く　埋もれ　岩　喰らいながら　隧道　掘り進む。　（『Pok&eacute;mon LEGENDS アルセウス』より）
96,食べた夢は　全部　覚えている。　子どもの　夢のほうが　美味しいので　めったに　大人の　夢は食べない。　（『ポケットモンスター スカーレット』より）
96,突き出た　鼻を　ひくひくさせると　どこの　だれが　どんな　夢を　見ているのか　全部　わかるという。　（『ポケットモンスター バイオレット』より）
97,相手と　目が　合ったときに　催眠術など　数々の　超能力を　使うという。　（『ポケットモンスター スカーレット』より）
97,どんなときでも　持っている　振り子を　決まったリズムで　揺らしている。　近寄ると　なぜか　眠くなる。　（『ポケットモンスター バイオレット』より）
98,すなはまに　あなを　ほって　くらす。　ハサミは　たたかいで　とれても　また　はえてきて　もとどおり。　（『ポケットモンスター ブリリアントダイヤモンド・シャイニングパール』より）
99,おおきいほうの　ハサミの　パワーは　１まんばりき。　しかし　おもすぎるため　ねらいを　つけることが　にがてだ。　（『ポケットモンスター ブリリアントダイヤモンド・シャイニングパール』より）
100,転がって　移動するので　地面が　デコボコだと　ショックで　爆発してしまう。　（『ポケットモンスター スカーレット』より）
100,発電所などに　現れる。　モンスターボールと　間違えて　触って　しびれる　人が　多い。　（『ポケットモンスター バイオレット』より）
101,電気エネルギーを　溜めこむほど　高速で　動けるようになるが　そのぶん　爆発　しやすい。　（『ポケットモンスター スカーレット』より）
101,少しの　刺激に　反応して　爆発する。　バクダンボールという　あだ名で　怖がられている。　（『ポケットモンスター バイオレット』より）
102,タマゴだと　思って　触ると　仲間が　どんどん　集まってきて　集団攻撃に　あう。　（『ポケットモンスター スカーレット』より）
102,タマタマだけに　伝わる　テレパシーを　出し合っているので　どんなときでも　６匹　集まれる。　（『ポケットモンスター バイオレット』より）
103,歩く　熱帯雨林　と呼ばれる。　実の　ひとつひとつに　顔があって　それぞれ　意思を　持っている。　（『ポケットモンスター スカーレット』より）
103,ごくまれに　頭の　どれか　ひとつが　地面に　落ちると　タマタマになって　動きだすという。　（『ポケットモンスター バイオレット』より）
104,しにわかれた　ははおやを　おもいだし　ないてしまうとき　あたまに　かぶった　ホネが　からからと　おとを　たてる。　（『ポケットモンスター ブリリアントダイヤモンド・シャイニングパール』より）
105,うまれたときから　いつも　もっている　ホネを　じざいに　つかいこなす。　せいかくは　きょうぼうだ。　（『ポケットモンスター ブリリアントダイヤモンド・シャイニングパール』より）
106,蹴り技が　ヒットする　瞬間に　足裏の　筋肉を　硬くさせて　威力を　最大まで　高める。　（『ポケットモンスター スカーレット』より）
106,脚の　じん帯を　自由自在に　伸び縮みさせて　蹴り技の　間合いを　２倍に　広げるのだ。　（『ポケットモンスター バイオレット』より）
107,左右の　コンビネーションパンチで　敵を　追いつめ　時速５００キロの　ストレートで　一気に　仕留める。　（『ポケットモンスター スカーレット』より）
107,拳は　筋肉の　塊。　３分間ごとに　ひと休みして　呼吸と　気持ちを　整える。　（『ポケットモンスター バイオレット』より）
108,ての　かわりに　しんちょうの　２ばい　のびる　ベロを　つかう。　べとべとの　だえきが　なんでも　くっつけるのだ。　（『ポケットモンスター ブリリアントダイヤモンド・シャイニングパール』より）
108,長き舌を　手の如く　巧みに　操る。　粘着質の唾液　集め　煮詰めれば　強力な糊となり　役立つこと　多し。　（『Pok&eacute;mon LEGENDS アルセウス』より）
109,薄い　バルーン状の　体に　猛毒の　ガスが　詰まっているので　ときどき　大爆発を　起こす。　（『ポケットモンスター スカーレット』より）
109,体内の　毒ガスは　空気より　少し　軽い　成分。　だから　いつも　少しだけ　浮かんでいる。　（『ポケットモンスター バイオレット』より）
110,体内に　含まれる　毒ガスを　ぎりぎりまで　薄めると　最高級の　香水ができる。　（『ポケットモンスター スカーレット』より）
110,ゴミから出る　毒ガスを　吸うたび　体が　ふくらみ　中の　においが　臭く　なっていく。　（『ポケットモンスター バイオレット』より）
111,半径１０キロメートルの　範囲を　縄張りにしているが　走っていると　縄張りを　忘れてしまうらしい。　（『ポケットモンスター スカーレット』より）
111,走りだすと　大岩に　衝突しても　止まらない　性質のため　生息地が　広がっていったのだ。　（『ポケットモンスター バイオレット』より）
112,ダイヤモンドの　原石を　砕く　威力の　ツノを　仲間同士で　ぶつけあって　磨きあげている。　（『ポケットモンスター スカーレット』より）
112,後ろ脚だけで　歩けるように　進化したので　険しい　山にも　生息地を　広げられたのだ。　（『ポケットモンスター バイオレット』より）
113,傷ついた　ポケモンや　人がいると　栄養満点の　タマゴを産み　分け与える　優しい　ポケモン。　（『ポケットモンスター スカーレット』より）
113,持っている　タマゴを　割らないように　気をつけて　歩く。　でも　逃げ足は　とても　速い。　（『ポケットモンスター バイオレット』より）
113,心清らかなりて　傷つきし者に　卵を　分け与える。　この卵　滋味豊かなりて　医者いらずとの異名を　持ちたり。　（『Pok&eacute;mon LEGENDS アルセウス』より）
114,あおい　ツルに　おおわれている。　ツルに　かくれている　かおを　みたものは　まだ　いない。　（『ポケットモンスター ブリリアントダイヤモンド・シャイニングパール』より）
114,青き蔓で　全身を　覆いたりて　正体　見ること　能わず。　この蔓　噛めば　清涼感あり　香辛料として　有用。　（『Pok&eacute;mon LEGENDS アルセウス』より）
115,おなかの　ふくろで　こそだてをする。　あんぜんな　ときだけ　こどもを　ふくろから　だして　あそばせる。　（『ポケットモンスター ブリリアントダイヤモンド・シャイニングパール』より）
116,大きな　相手に　襲われても　発達した　背びれを　操り　水中を　自由に　逃げる。　（『ポケットモンスター スカーレット』より）
116,ぜんまいのように　クルクル巻かれた　尻尾で　体の　バランスをとる。　口から　スミを　吐くことが　ある。　（『ポケットモンスター バイオレット』より）
117,オスが　子供を　育てる。　そのとき　近づくものは　猛毒の　トゲを　使って　追い払う。　（『ポケットモンスター スカーレット』より）
117,ヒレの　先から　毒を　分泌。　ヒレや　骨は　漢方薬の　材料として　重宝される。　（『ポケットモンスター バイオレット』より）
118,おびれを　ドレスのように　ゆらして　ゆうがに　およぐ　すがたは　まるで　すいちゅうの　じょおう。　（『ポケットモンスター ブリリアントダイヤモンド』より）
118,５ノットの　スピードで　およぐ。　みの　きけんを　かんじると　するどい　ツノで　はんげきする。　（『ポケットモンスター シャイニングパール』より）
119,あたまの　ツノで　かわぞこにある　いわを　くりぬいて　すを　つくる。　タマゴを　いのちがけで　まもる。　（『ポケットモンスター ブリリアントダイヤモンド』より）
119,かぞくを　まもるため　ドリルのように　するどい　ツノで　たたかう。　かわぞこの　いわの　あなで　くらす。　（『ポケットモンスター シャイニングパール』より）
120,あかい　コアが　あるかぎり　からだが　ちぎれても　すぐに　さいせいする。　まよなか　コアが　てんめつする。　（『ポケットモンスター ブリリアントダイヤモンド・シャイニングパール』より）
121,からだの　ちゅうしんにある　あかい　コアから　よぞらに　むかって　なぞの　でんぱを　はっしんしている。　（『ポケットモンスター ブリリアントダイヤモンド・シャイニングパール』より）
122,パントマイムの　たつじん。　みぶりてぶりで　つくった　カベは　やがて　ほんものに　なるのだ。　（『ポケットモンスター ブリリアントダイヤモンド』より）
122,ゆびさきから　だす　はどうが　くうきを　かためて　カベを　つくる。　はげしい　こうげきも　はねかえす。　（『ポケットモンスター シャイニングパール』より）
122,振る舞い　パントマイムが如く。　道化師　思い起こす　姿にて　指先より　発す　気力　用いて　透明な壁を作る。　（『Pok&eacute;mon LEGENDS アルセウス』より）
123,切れ味　鋭い　カマを　使って　草むらを　切り進む。　あまりに　速い　動きで　目が　追いつかない。　（『ポケットモンスター スカーレット』より）
123,両手の　鋭い　カマは　硬いものを　切れば切るほど　さらに　切れ味を　増していく。　（『ポケットモンスター バイオレット』より）
123,腕の　大きな　鎌は　切れ味　鋭く　真に　恐ろしき　得物なり。　動き　俊敏にして　獲物　逃がすことなし。　（『Pok&eacute;mon LEGENDS アルセウス』より）
124,なきごえは　まるで　にんげんの　ことばのように　きこえるが　いみは　まったく　りかいできない。　（『ポケットモンスター ブリリアントダイヤモンド・シャイニングパール』より）
125,全身から　つねに　電気が　放たれているため　近づくと　髪の毛が　逆立ってしまう。　（『ポケットモンスター スカーレット』より）
125,エレブーに　雷を　溜めこませ　いつでも　使えるようにする　研究が　進められている。　（『ポケットモンスター バイオレット』より）
126,火山の　火口近くで　見つかった。　口から　炎を　吐く。　体温は　１２００度もある。　（『ポケットモンスター スカーレット』より）
126,体の　表面には　太陽と　同じような　炎の　ゆらめきが　発生している。　（『ポケットモンスター バイオレット』より）
127,２ほんの　ツノで　えものを　はさんで　ちぎれるまで　はなさない。　ちぎれない　ときは　かなたまで　なげとばすのだ。　（『ポケットモンスター ブリリアントダイヤモンド・シャイニングパール』より）
128,獲物に　狙いを　つけると　尻尾で　体を　叩きながら　まっすぐ　突っ込んでくる。　（『ポケットモンスター スカーレット』より）
128,ツノを　つきあわせて　戦う。　群れを守る　強い　ケンタロスは　キズだらけの　ツノを　自慢する。　（『ポケットモンスター バイオレット』より）
129,力のない　情けない　ポケモン。　たまに　高く　飛び跳ねても　２メートルを　超すのが　やっとだ。　（『ポケットモンスター スカーレット』より）
129,大昔は　まだ　もう少し　強かったらしい。　しかし　今は　悲しいくらいに　弱いのだ。　（『ポケットモンスター バイオレット』より）
129,力弱く　愚鈍で　情けなし。　されど　生命力　強く　濁水を　物ともせぬゆえ　あらゆる土地にて　生息を　確認す。　（『Pok&eacute;mon LEGENDS アルセウス』より）
130,一度　姿を　現すと　まわりを　すべて　焼き尽くさないと　怒りが　鎮まらない　という。　（『ポケットモンスター スカーレット』より）
130,世の中で　争いが　多くなると　どこからともなく　現れて　あたりを　焼野原に　していく。　（『ポケットモンスター バイオレット』より）
130,古文書にある　龍の正体と　見たり。　口から　吐きし　熱線にて　ことごとく　集落を　焼き尽くすと　記されたり。　（『Pok&eacute;mon LEGENDS アルセウス』より）
131,人を　背中に乗せて　海を行く。　機嫌がいいと　きれいな　鳴き声で　歌うことも　あるらしい。　（『ポケットモンスター スカーレット』より）
131,人の　言葉を　理解する　高い　知能を持ち　背中に　人を乗せて　海を泳ぐのが　好きな　ポケモン。　（『ポケットモンスター バイオレット』より）
132,変身は　完璧なのだが　笑わされて　力が　抜けると　変身は　解けてしまう。　（『ポケットモンスター スカーレット』より）
132,体の　細胞の　作りを　自分で　組み替えて　ほかの　生命体に　変身する。　（『ポケットモンスター バイオレット』より）
133,環境の　変化に　すぐさま　合わせられるよう　いくつもの　進化の　可能性を　秘めている。　（『ポケットモンスター スカーレット』より）
133,不規則な　遺伝子を　持つ。　石から出る　放射線によって　体が　突然変異を　起こす。　（『ポケットモンスター バイオレット』より）
133,多様なる姿に　進化する　可能性あり。　ポケモンの　進化の秘密を　解く鍵　この身の内に　あると　確信す。　（『Pok&eacute;mon LEGENDS アルセウス』より）
134,水辺に　棲むが　尻尾には　魚のような　ひれが　残っていて　人魚と　間違う　人もいる。　（『ポケットモンスター スカーレット』より）
134,体の　細胞の　つくりが　水の　分子に　似ているため　水に　溶けると　見えなくなる。　（『ポケットモンスター バイオレット』より）
134,水の分子と　酷似せし細胞　検出す。　潜水中　姿　隠すは　これが理由と　推察。　人魚伝説の正体と　見たり。　（『Pok&eacute;mon LEGENDS アルセウス』より）
135,細胞が　出している　弱い　電気を　ひとまとめにして　強力な　電撃を　放つ。　（『ポケットモンスター スカーレット』より）
135,感情が　たかぶると　電気を　帯びて　真っ直ぐになった　体毛を　何本も　飛ばす。　（『ポケットモンスター バイオレット』より）
135,怒りしとき　体毛を　逆立てること　鋭き　針の如し。　吐息に混じりて　バチリバチリと　電気の音　聞こゆ。　（『Pok&eacute;mon LEGENDS アルセウス』より）
136,吸いこんだ　空気を　体内の　炎袋に　送りこみ　１７００度の　炎にして　吹く。　（『ポケットモンスター スカーレット』より）
136,首のまわりの　ふかふかした　体毛を　広げ　９００度まで　上がった　体温を　冷ましている。　（『ポケットモンスター バイオレット』より）
136,袋状の内臓にて　炎を　燃やす。　大気を吸い込み　火力　強めたり。　その温度　実に　１７００度に　達す。　（『Pok&eacute;mon LEGENDS アルセウス』より）
137,呼吸を　していないので　どんなところでも　活躍できると　期待される　人工の　ポケモン。　（『ポケットモンスター スカーレット』より）
137,最高の　科学力で　生み出された　人工の　ポケモン。　電子空間を　移動できる。　（『ポケットモンスター バイオレット』より）
138,げんだいの　すぐれた　かがくりょくで　かせきから　ふっかつした　ポケモン。　こだいの　うみを　およいでいた。　（『ポケットモンスター ブリリアントダイヤモンド・シャイニングパール』より）
139,らせんじょうの　カラが　おおきく　なりすぎたことが　げんいんで　ぜつめつしたと　かんがえられている。　（『ポケットモンスター ブリリアントダイヤモンド・シャイニングパール』より）
140,３おくねんまえの　すなはまで　くらしていたと　かんがえられている。　かたい　カラが　みを　まもる。　（『ポケットモンスター ブリリアントダイヤモンド・シャイニングパール』より）
141,えものが　りくじょうせいかつを　はじめたため　カブトプスも　りくに　あがったと　かんがえられている。　（『ポケットモンスター ブリリアントダイヤモンド・シャイニングパール』より）
142,きょうりゅうじだいの　おおぞらを　とびまわっていた　ポケモン。　のこぎりのような　キバを　もつ。　（『ポケットモンスター ブリリアントダイヤモンド・シャイニングパール』より）
143,眠っているとき以外は　つねに　エサを　食べている　大食らい。　１日に　４００キロも　たいらげる。　（『ポケットモンスター スカーレット』より）
143,胃袋の　消化液は　どんな　毒も　消化できる。　落ちているものを　食べても　平気。　（『ポケットモンスター バイオレット』より）
143,出し抜けに　村に現れ　たちまち　米蔵を　空にする　大食漢。　古より　災厄のひとつと　数えられし行為なり。　（『Pok&eacute;mon LEGENDS アルセウス』より）
144,でんせつの　とりポケモン。　くうきちゅうの　すいぶんを　こおらせ　ふぶきを　つくりだすことが　できる。　（『ポケットモンスター ブリリアントダイヤモンド・シャイニングパール』より）
145,かみなりぐもの　なかに　いると　いわれる　でんせつの　ポケモン。　カミナリを　じざいに　あやつる。　（『ポケットモンスター ブリリアントダイヤモンド・シャイニングパール』より）
146,でんせつの　とりポケモンの　１ぴき。　ファイヤーが　すがたを　みせると　はるが　おとずれると　いわれている。　（『ポケットモンスター ブリリアントダイヤモンド・シャイニングパール』より）
147,激しく　流れ落ちる　滝に　守られながら　脱皮を　繰り返し　どんどん　大きくなる。　（『ポケットモンスター スカーレット』より）
147,生まれたときから　すでに　大きい。　脱皮を　繰り返しては　どんどん　育って　長くなる。　（『ポケットモンスター バイオレット』より）
148,全身から　オーラが　出されると　あたりの　天候が　みるみるうちに　変わっていく　という。　（『ポケットモンスター スカーレット』より）
148,神聖な　ポケモンと　言われる。　全身が　ほのかに　光ると　あたりの　天気が　様変わりする。　（『ポケットモンスター バイオレット』より）
149,広い　海の　どこかには　カイリューだけが　集まって　暮らす　島が　あるらしい。　（『ポケットモンスター スカーレット』より）
149,大きな　体格で　空を　飛ぶ。　地球を　約１６時間で　１周してしまう。　（『ポケットモンスター バイオレット』より）
150,ミュウの　いでんしを　くみかえて　うみだされた。　ポケモンで　いちばん　きょうぼうな　こころを　もつという。　（『ポケットモンスター ブリリアントダイヤモンド・シャイニングパール』より）
151,あらゆる　わざを　つかうため　ポケモンの　せんぞと　かんがえる　がくしゃが　たくさん　いる。　（『ポケットモンスター ブリリアントダイヤモンド・シャイニングパール』より）
